Symbol,Date,ExpiryDate,Open,High,Low,Close,Volume,OpenInterest
GOLDM,2026-09-01,04SEP2026,7012,7040,7000,7031,1250,8420
GOLDM,2026-09-01,05OCT2026,7045,7072,7038,7061,620,3910
GOLDM,2026-09-02,04SEP2026,7031,7050,7018,7042,1410,8610
GOLDM,2026-09-02,05OCT2026,7061,7082,7050,7073,710,4020
GOLDM,2026-09-03,04SEP2026,7042,7068,7024,7058,1360,8750
GOLDM,2026-09-03,05OCT2026,7073,7100,7056,7088,740,4150
GOLDTEN,2026-09-01,30SEP2026,7015,7050,7002,7040,840,4560
GOLDTEN,2026-09-01,30OCT2026,7048,7080,7035,7065,390,2180
GOLDTEN,2026-09-02,30SEP2026,7040,7062,7020,7055,910,4720
GOLDTEN,2026-09-02,30OCT2026,7065,7092,7050,7080,420,2260
GOLDTEN,2026-09-03,30SEP2026,7055,7070,7040,7060,970,4860
GOLDTEN,2026-09-03,30OCT2026,7080,7105,7060,7095,450,2320
GOLDGUINEA,2026-09-01,30SEP2026,5614.4,5644,5604,5633.6,530,2830
GOLDGUINEA,2026-09-01,30OCT2026,5641.6,5668,5632,5656,260,1440
GOLDGUINEA,2026-09-02,30SEP2026,5633.6,5654.4,5619.2,5646.4,590,2970
GOLDGUINEA,2026-09-02,30OCT2026,5656,5680,5644.8,5670.4,290,1510
GOLDGUINEA,2026-09-03,30SEP2026,5646.4,5665.6,5619.2,5651.2,630,3050
GOLDGUINEA,2026-09-03,30OCT2026,5670.4,5696,5660.8,5688,310,1590
GOLDPETAL,2026-09-01,30SEP2026,701.5,705,700.2,704,760,3940
GOLDPETAL,2026-09-01,30OCT2026,704.8,708,703.5,706.5,340,1870
GOLDPETAL,2026-09-02,30SEP2026,704,706.2,702,705.5,820,4090
GOLDPETAL,2026-09-02,30OCT2026,706.5,709.2,705,708,370,1950
GOLDPETAL,2026-09-03,30SEP2026,705.5,707,704,706,880,4210
GOLDPETAL,2026-09-03,30OCT2026,708,710.5,706,709.5,400,2010